{
    "rmse": 0.7065037996561949,
    "mae": 0.556624432968407,
    "r2": 0.2429988717669903
}